loss,reward
0.007927333004772663,16.29085973458058
0.0046233017928898335,-3.89295473730149
0.0029239775612950325,-5.077735569892741
0.0027647102251648903,15.658511352818383
0.0006876894040033221,-2.9527397569622784
0.0013046266976743937,-2.6206942475589314
0.001643887721002102,-6.24252622172183
0.014396456070244312,-3.8314459073662435
0.0019970275461673737,-4.555588069975469
0.002040327526628971,-5.295780772265981
0.014798726886510849,-6.023980951020342
0.001675088657066226,13.6257983896279
0.005846685264259577,15.144582673687607
0.001632436877116561,-4.891694253075296
0.00901445746421814,-3.4963868902774906
0.0020453408360481262,18.930864267754124
0.003376349341124296,-6.158423022499021
0.0043294853530824184,-2.465782271627756
0.001571481116116047,-3.0041462283080964
0.005677453242242336,-7.876554125943662
0.0028743131551891565,-2.538508854002159
0.0012034715618938208,15.957545618948794
0.002201398368924856,-5.791996038930131
0.0013003754429519176,-4.232253096993852
0.000883484142832458,-3.8814669783347826
0.0003982174675911665,-3.4753003435707344
0.0002302689681528136,-4.9942840635224295
0.010131155140697956,-5.0095105049939175
0.0109565956518054,-7.20643791900206
0.0014863726682960987,-3.616245589864715
0.0008023824193514884,-5.947441796725512
0.0009161417838186026,-6.3708007012644545
0.008450920693576336,-6.047381570647271
0.0008648440707474947,-7.885931887606802
0.011243604123592377,-6.7964370634463105
0.017299465835094452,11.773854189456529
0.0011673684930428863,-5.593416917761522
0.002355935052037239,-3.88645848766811
0.0027142129838466644,-6.46076478673727
0.0057602329179644585,17.433228037000884
0.0012708068825304508,-7.9492018162782125
0.0029054509941488504,-3.759120976324114
0.0024041752330958843,-7.792763282831809
0.0007297846022993326,-5.495867723657889
0.0012479614233598113,-1.0665302821773897
0.008728006854653358,-6.202471609374483
0.007301186677068472,-5.805939492399086
0.0003695244377013296,-11.049143530051673
0.0002189452206948772,-7.703225243651273
0.005585387349128723,-6.913840763197377
0.00758590642362833,-7.266072436094897
0.0010055083548650146,-6.750709558334326
0.0009508929215371609,-7.355204766545472
0.006855234038084745,-7.537798171020146
0.0018249910790473223,-5.982566847772288
0.004070312716066837,-10.096672351379564
0.0002442662953399122,-5.4739994479281675
0.0009921006858348846,-7.063502837992207
0.009257801808416843,8.711674351223936
0.006195776164531708,-7.563632701817605
0.002607055939733982,-6.114823019196071
0.004379033576697111,-7.46889669256929
0.0009584134095348418,-7.559041980870679
0.0003469512448646128,-8.483820689760666
0.009937711991369724,-7.600150545124155
0.0017963582649827003,-7.2296278452891425
0.006824714131653309,-7.366674739899276
0.0006761943222954869,-7.988407108229097
0.002169686369597912,-8.63778695386348
0.006459575146436691,11.931375719114474
0.0012363784480839968,-2.8171691257442313
0.0017138835974037647,-6.513438778631501
0.007861694321036339,-10.508549450125214
0.00293675996363163,-5.240403439774041
0.0008595059625804424,-5.8870962552608015
0.007769576273858547,-6.11505236081609
0.003747087437659502,-6.551762126918128
0.0014276283327490091,-6.498138203833517
0.00021914922399446368,-20.213560093801256
0.022581633180379868,-28.338018584423903
0.01552662905305624,-36.98701972163126
0.009130069985985756,-29.27678445940095
0.011908667162060738,-30.707710982377375
0.0074696848168969154,-33.18736076862483
0.0071099260821938515,-30.264243490592214
0.008572622202336788,-34.07463283578399
0.002256759675219655,-37.39976523315427
0.013573739677667618,-35.383109419427946
0.004114974290132523,-34.43758930346456
0.009954899549484253,-30.057574564379735
0.006625395268201828,-32.92688038484235
0.006323277950286865,-29.42150581452784
0.012049371376633644,-30.7645094835862
0.003610424930229783,-27.255426632172338
0.007250606082379818,-33.54581984851287
0.002785503165796399,-30.380643768540146
0.0033755784388631582,-31.17332756591511
0.0044258395209908485,-30.818796817722337
0.007160936016589403,-31.891065081854283
0.007634444162249565,-33.233452601139035
0.0020845334511250257,-30.766433748785968
0.015547341667115688,-39.145275368226606
0.020587634295225143,-40.99090676610098
0.01131955161690712,-43.77339656179993
0.0051199160516262054,-34.20243199679037
0.008195722475647926,-40.387153594956416
0.005222000181674957,-39.326006256107114
0.007863083854317665,-37.503266522701686
0.007390119601041079,-38.47961461397373
0.0056966920383274555,-39.489267481072226
0.0021013945806771517,-39.65572021644073
0.010880392044782639,-39.08337796959927
0.0015991167165338993,-35.250246522322065
0.0065876152366399765,-35.82052298405744
0.003755598096176982,-41.19881958014488
0.008876108564436436,-35.35417898279806
0.0040152897126972675,-34.57723779087242
0.0024785371497273445,-37.01696372596907
0.0019672249909490347,-36.90700744832561
0.010730552487075329,-37.187282378005676
0.0014434275217354298,-34.38650693650131
0.01380901224911213,-38.25544165517278
0.00789945013821125,-36.11175892379219
0.0034574817400425673,-40.97026242892936
0.004790587350726128,-39.07268745279068
0.0012231073342263699,-39.40666994370819
0.0020752926357090473,-39.07756878774502
0.0011280012549832463,-40.20475159213901
0.0004918256308883429,-38.480652631892276
0.003992666956037283,-40.26958928103288
0.0005601585144177079,-40.06441862737411
0.00022260291734710336,-42.29264324194621
0.012050839141011238,-41.74256785813142
0.009341403841972351,-36.88877908170329
0.005157346371561289,-37.934012891975144
0.0036245090886950493,-37.15302871250875
0.007614944130182266,-34.44723564491416
0.0006108016823418438,-37.64238909029416
0.010069375857710838,-37.16813111859185
0.002841625828295946,-38.85345696141072
0.009328406304121017,-39.0556326789605
0.005233840085566044,-33.209185954960866
0.00839905720204115,-36.036049276026844
0.0048627955839037895,-36.231375476495074
0.008294444531202316,-40.49274216397697
0.0031068739481270313,-37.225921900946794
0.0016185566782951355,-38.7781212780043
0.013382481411099434,-38.902444304977166
0.009247981943190098,-37.62893837095754
0.0021605691872537136,-38.752313387996246
0.0027358729857951403,-38.920215351676234
0.008401244878768921,-36.97806435678206
0.005075410939753056,-36.54708638469588
0.005928040482103825,-36.596950009547186
0.005040096119046211,-38.562881508556835
0.007894132286310196,-37.65454787039755
0.0069716330617666245,-37.50221209584883
0.012686082161962986,-18.736003249494637
0.008264721371233463,-31.77678369666587
0.00405353307723999,-32.70561550405009
0.012120157480239868,-37.204031459853894
0.00717507116496563,-36.835423113457175
0.007543883752077818,-37.062121184844095
0.006012527737766504,-37.851074514823665
0.0026477642823010683,-42.5950624248895
0.008755054324865341,-37.00316041654915
0.0059605734422802925,-36.57857618874908
0.011888043954968452,-43.97715751359757
0.007297588512301445,-18.212059924505475
0.005325922742486,-41.09364766572755
0.005354915279895067,-34.853383470130076
0.008084060624241829,-35.47173071800286
0.00745925959199667,-37.383276304680194
0.006829613819718361,-38.25695516283155
0.004917499143630266,-35.46332457154559
0.008444789797067642,-36.36618272013255
0.004666456021368504,-39.58100618531652
0.002982120029628277,-35.32978544191119
0.00045566936023533344,-39.598074861126385
0.003125885035842657,-36.60155063343734
0.006462102755904198,-38.748725487929114
0.004518141038715839,-37.62428091240697
0.0011630146764218807,-37.7587656352896
0.0035089580342173576,-36.71642397237544
0.0012599744368344545,-41.31665930310696
0.017985839396715164,-29.997658265862093
0.002887410344555974,-38.330614860396366
0.000175011096871458,-34.892703147763555
0.010695728473365307,-36.091553708982865
0.012937735766172409,-33.91310410666714
0.009054304100573063,-35.113588362165935
9.969074249267578,-15.325983236584111
0.0013337093405425549,-37.852776594984505
0.00248962314799428,-38.11611985846804
0.015240922570228577,-32.69918212606231
0.0082988440990448,-31.23104024263867
0.0015844483859837055,-37.70959355539277
0.008058064617216587,-37.15849163326851
0.01219674851745367,-35.6824987736314
0.013795683160424232,-42.006844544578136
0.002954683266580105,-38.36860837386756
0.001465322682633996,-36.42523859260349
0.002698336960747838,-33.320385086068065
0.007058280054479837,-34.464536388426
0.006298992782831192,-34.26402564977921
0.005584309343248606,-37.03459207748935
0.010636395774781704,-31.55838029546718
0.007672078907489777,-41.33568529204527
0.0037514925934374332,-33.79892484258262
0.008655829355120659,-35.91761375953795
0.004304666072130203,-38.803114014227134
0.005056457128375769,-31.2339945091611
0.0030487067997455597,-36.86360590797919
0.012516716495156288,-37.02765518020677
0.00397335272282362,-34.83962479935909
0.003957262262701988,-33.6500449215513
0.0023605679161846638,-40.996241085008045
0.003918780013918877,-34.11840032939708
0.004193109460175037,-35.12845320029309
0.0093565434217453,-33.85117345275523
0.004468842409551144,-38.16587362642813
0.007501046173274517,-37.5669612107461
0.011369708925485611,-14.76721537801944
0.006067611277103424,-28.928475142769564
0.006131371483206749,-39.34337040750964
0.006114806979894638,-35.989048532123654
0.010375479236245155,-37.62096007821707
0.00452516321092844,-36.293923429243485
0.0061406707391142845,-39.117583298785
0.0023902999237179756,-37.44492728785109
0.0007693860097788274,-36.57098396811797
0.021206151694059372,-36.259472394070386
0.0013946960680186749,-34.706829922577676
0.007906234823167324,-35.12324159813773
0.002192363142967224,-40.65401990798624
0.002338472753763199,-34.34741714252403
0.009125309064984322,-36.48239835024638
0.012169824913144112,-35.87747771138205
0.005701523739844561,-38.029397038231934
0.010014768689870834,-9.613481242589083
0.00570237310603261,-34.48745443026759
0.008017593063414097,-35.68452482571799
0.008526123128831387,-36.644513410254845
0.003326903097331524,-30.63524275282461
0.007739105261862278,-37.7673703520148
0.004563556518405676,-29.390457851597542
0.004452488385140896,-38.23459292058299
0.009336224757134914,-30.6099100846798
0.0035200053825974464,-35.58517183935132
0.008773347362875938,-34.854670989065035
0.006606047973036766,-36.67051212302461
0.007084948942065239,-39.7129079092375
0.007109165191650391,-29.463813176129356
0.0045629446394741535,-35.085544330463144
0.006551171652972698,-33.79384335438328
0.006162475794553757,-6.643171005305504
0.005973071325570345,-34.024597117276194
0.00661039911210537,-30.572744841521036
0.004414366092532873,-35.99990138949989
0.004167539533227682,-27.82721122238311
0.008957580663263798,-38.48776642252738
0.006991417147219181,-35.428873712353536
0.009429799392819405,-34.76200490649301
0.002016057027503848,-33.31044980369362
0.003538042539730668,-31.5590006722997
0.0015061043668538332,-33.581381929154304
0.008277126587927341,-31.43130941062365
0.004765382036566734,-31.536034356047477
0.002159514930099249,-33.0866361506326
0.00679973466321826,-30.89751168373781
0.007303481921553612,-35.769399665963725
0.004810822196304798,-33.08555283200868
0.008455895818769932,-36.08648089908261
0.005911037791520357,-35.25453735007355
0.0069479793310165405,-36.087535920715645
0.003999444656074047,-27.947820801180644
0.005954233929514885,-32.945542924898774
0.004421776160597801,-28.951299043164177
0.005063772201538086,-32.694785020489846
0.006532507017254829,-29.452653671891085
0.0021261367946863174,-27.38333942026941
0.0032627987675368786,-33.84214292454561
0.007604127749800682,-31.064420343640673
0.004136455710977316,-33.11559870719699
0.01558760181069374,-31.775431700074893
0.004003931302577257,-36.86832774791885
0.0058393776416778564,-33.177709844903085
0.004660733975470066,-35.07209253638992
0.0023894142359495163,-38.109577348285875
0.0027066986076533794,-30.389719582699037
0.005760853178799152,-11.232264544470505
0.0050437115132808685,-37.60867540965531
0.00741695798933506,-28.507202644793015
0.005064050666987896,-33.447188136825964
0.00978447962552309,-32.05857449809797
0.002241134410724044,-27.284724648696248
0.005785052664577961,-37.11901022648734
0.001221937476657331,-13.115361385439618
0.003021866548806429,-36.83396159371742
0.0024998849257826805,-32.874789921843835
0.002677393611520529,-8.105233715769213
0.003938986454159021,-35.91375566999182
0.00210255803540349,-33.20319383738517
0.010490535758435726,-31.399114585064062
0.0016015942674130201,-8.390567808211518
0.00856185331940651,-33.27001621808656
0.006724415346980095,-32.20645237910705
0.006509675644338131,-30.248089104146334
0.004503373522311449,-28.80668668350953
0.0036844112910330296,-31.029101989423463
0.005807516165077686,-30.911601211827755
0.002691391622647643,-31.807860935501743
0.0014957512030377984,-32.04819434731569
0.0062984200194478035,-30.551163364590614
0.0020713380072265863,-31.691272709619295
0.007564987521618605,-30.87664510818262
0.0012292966712266207,-32.4365549860568
0.0018555134302005172,-34.62269852040505
0.0005960072739981115,-26.87398790166496
0.006701779551804066,-34.44657831552001
0.013447869569063187,-29.846551757496204
0.0004234442603774369,-14.067389869861511
0.003891363274306059,-27.724513766279724
0.0028480039909482002,-31.559988047042687
0.007541771978139877,-29.756140490838355
0.004454830661416054,-37.36415414276804
0.0032927608117461205,-10.704969990453295
0.002574785379692912,-28.96519970735534
0.004669136367738247,-34.320549785958626
0.00403663469478488,-27.498333605604785
0.001131872646510601,-37.52056400084256
0.0016094745369628072,-30.115820325558428
0.011816313490271568,-33.69250557967889
0.0012921009911224246,-31.807640237043938
0.0017077402444556355,-28.645584115718066
0.001438418636098504,-29.19074364250001
0.0015698904171586037,-34.56797059988596
0.006979710888117552,-30.930699072365304
0.001356987515464425,-29.554866594359883
0.0005834955372847617,-29.840848577640717
0.00790461152791977,-30.42158980313793
0.008048814721405506,-31.943622575732135
0.0009463293245062232,-36.569854009452115
0.0030822204425930977,-32.2542333599481
0.006498805247247219,-29.870640945001576
0.0015918577555567026,-34.40339002169614
0.0058819144032895565,-31.210673204838617
0.000642006634734571,-30.99517832110048
0.001037156325764954,-34.101902330510086
0.0005349514540284872,-34.320091339258774
0.012425052002072334,-27.338132808967526
0.0035625414457172155,-28.63552524170105
0.008204896003007889,-27.02889829788057
0.0005219511222094297,-26.115805979252812
0.006951848044991493,-31.904047112598956
0.001013167668133974,-30.121437577367693
0.007280893623828888,-30.700377178524718
0.001205934095196426,-31.015171320091305
0.001852888148277998,-29.626683818813525
0.0018082672031596303,-26.763454750745318
0.015192260965704918,-29.080394639462853
0.0011110929772257805,-32.46068490639421
0.0016019742470234632,-29.69777336289419
0.016048306599259377,-27.94924841692174
0.0059511661529541016,-28.30100104012003
0.001350823207758367,-33.87041707744358
0.0007908610277809203,-33.48796943234583
0.0027976729907095432,-33.72947063053466
0.006204301491379738,-29.322013970841244
0.005490884650498629,-28.66159511283258
0.005928014405071735,-31.734385170719822
0.005602669902145863,-28.357526665127526
0.0023464111145585775,-30.92083062220853
0.0007407842203974724,-28.675310229451643
0.003267117077484727,-30.41771817928439
0.00674709677696228,-28.119631572741447
0.01769500970840454,-30.357016192616673
0.006812100764364004,-32.51218137702308
0.005440680310130119,-32.88604644248406
0.0036314246244728565,-30.161978914892313
0.003951536491513252,-33.10739645191976
0.0029954244382679462,-28.822910752357807
0.0016300432616844773,-32.55794842732692
0.00212437123991549,-29.525944893180558
0.0009492026874795556,-37.4524115608737
0.00816462654620409,-30.279459266247944
0.0014056431828066707,-32.976410046221055
0.0008530952618457377,-28.147606864133568
0.001375499414280057,-29.930026865362837
0.0008774370653554797,-28.871843411798526
0.0063977669924497604,-32.10165010189982
0.0014832403976470232,-27.861443307740682
0.006040225736796856,-26.835311184014277
0.013624124228954315,-30.586127079643518
0.0009712958708405495,-24.835923310906093
0.0015094693517312407,-31.152681253413714
0.012392187491059303,-26.92933663835893
0.005304880440235138,-35.00582366784811
0.005560401361435652,-27.808528809840208
0.004782404750585556,-30.951496034143727
0.005901123397052288,-26.92121526456887
0.00315311411395669,-30.774751373790785
0.0023856391198933125,-27.856193229985355
0.001962458249181509,-28.355897598528475
0.0034942461643368006,-26.90930910526658
0.007173020858317614,-27.654907079714395
0.00317012844607234,-31.280770678411937
0.0047124167904257774,-32.50885961484526
0.011282439343631268,-31.833068881195487
0.009607971645891666,-31.325517379528467
0.005594044923782349,-22.233967796772454
0.008226950652897358,-29.02767814919394
0.0012126602232456207,-28.14623940495968
0.00687024649232626,-26.858802631127453
0.0029804110527038574,-29.17590273794752
0.005694273393601179,-30.094731931429568
0.0011653115507215261,-30.727504151986686
0.007039171643555164,-25.16121596584581
0.0028342974837869406,-29.391862116801843
0.0037930046673864126,-28.851564319892383
0.004597650840878487,-10.463591914470795
0.008102663792669773,-27.840608583456785
0.005926062818616629,-28.863444994601966
0.00931018590927124,-33.56111438446021
0.002164082368835807,-30.931397375911466
0.00969359278678894,-28.368578217097323
0.006091027054935694,-30.8855595314644
0.009542526677250862,-25.208981608513334
0.00831400416791439,-27.667487464926044
0.002808603458106518,-26.15655995341616
0.002469034865498543,-28.71880830543361
0.0011491324985399842,-28.95241447881611
0.007647956255823374,-24.479356463240343
0.006943012587726116,-27.97904210810054
0.011144048534333706,-25.062875298415463
0.007125018630176783,-31.933351334744284
0.0028543162625283003,-28.351101840344164
0.003161334665492177,-27.326643901634743
0.002387870568782091,-32.176421067864425
0.0032600152771919966,-30.782045155152414
0.005360460840165615,-29.23982968572662
0.008024592883884907,-31.506596544122022
0.0053479429334402084,-27.961816038652533
0.005220845341682434,-27.501917939021585
0.002312470693141222,-24.312875776389653
0.005134464241564274,-29.02452412994485
0.0011498363455757499,-32.027000902357926
0.011275550350546837,-28.50722962239396
0.0044569531455636024,-31.839051387995355
0.0033576255664229393,-25.2398674807105
0.0015870428178459406,-31.125172140839673
0.004254708997905254,-30.08620275804957
0.00459697749465704,-28.357342939658384
0.007694019936025143,-30.339422365043156
0.0028687850572168827,-25.50856442618926
0.0004483057709876448,-23.863770543284797
0.005477164871990681,-23.96270183883918
9.057034185389057e-05,-27.919557903622817
0.004470652900636196,-29.340346748722595
0.003022568766027689,-10.74194957872365
0.007943179458379745,-12.124112794233445
0.0017126520397141576,-30.986837931704162
0.0038874002639204264,-32.578347720581405
0.007154751103371382,-26.49857532114951
0.0032551921904087067,-26.179306755106104
0.001561792567372322,-28.16612255967531
0.008076208643615246,-30.73390219199037
0.005453004501760006,-27.7265284625566
0.0012191745918244123,-27.31915388615221
0.0008602739544585347,-28.830925711583465
0.0020487052388489246,-31.04662642573157
0.013379169628024101,-29.64956887966975
0.0071825324557721615,-28.0705521359394
0.0031656185165047646,-23.483350521555177
0.0007674526423215866,-26.96063388102952
0.003073412925004959,-31.989669517889915
0.0023435670882463455,-24.6716101231296
0.0060931663028895855,-29.841809224348726
0.002031265292316675,-26.62315592835847
0.007220389321446419,-31.484741716360222
0.0023184719029814005,-26.971751026426034
0.0016962303780019283,-30.327596032672865
0.00243025878444314,-29.47528058762366
0.007979382760822773,-28.73957027452735
0.008756870403885841,-30.432025531595627
0.0009931616950780153,-29.378429851673406
0.0007745021721348166,-25.98748494736046
0.0012552340049296618,-29.14536589553617
0.01122952438890934,-25.583036958111506
0.0001839627220761031,-27.788782310760652
0.0003623489465098828,-30.38706607456575
0.008748759515583515,-6.142168564503226
0.009761504828929901,-25.28050759033973
0.004483233671635389,-24.92067868521655
0.004981469362974167,-29.44274368280625
0.00216766819357872,-29.80328752548621
0.0013956931652501225,-31.37603635978488
0.0015908972127363086,-29.319614444952638
0.004399184137582779,-28.321650433170866
0.006837424356490374,-29.813680716616155
0.009317437186837196,-26.369053506082842
0.0007043374935165048,-9.72359154100308
0.005970139522105455,-23.65581286690817
0.0026921434327960014,-26.666394294627587
0.0034804653842002153,-30.673732048504828
0.007387169636785984,-28.822926252175712
0.004900725092738867,-26.489561126245377
0.001739026978611946,-29.656466176807136
0.004713921342045069,-28.739120187267645
0.0018359272507950664,-23.97949022978188
0.006485349033027887,-24.27428285208063
0.004971799440681934,-23.01032532500815
0.00230399239808321,-28.05416933879313
0.004644765518605709,-29.567283426014438
0.0015425723977386951,-26.881143855560342
0.004049128852784634,-28.90878172940426
0.00431554950773716,-29.26897485497581
0.01027492992579937,-30.241487964238317
0.007618053816258907,-30.678459082778605
0.0014255994465202093,-21.961722724535043
0.004384544678032398,-26.094188110357234
0.002334879245609045,-28.804065244539263
0.00013014976866543293,-24.760379675363342
0.0024024827871471643,-27.44148610787207
0.0033670817501842976,-27.8965552426958
0.0034975723829120398,-23.880372105079314
0.0021339026279747486,-27.620823678776883
0.013426300138235092,-21.880107424823986
0.010874525643885136,-29.491295000199155
0.0005106583703309298,-27.068999799476344
0.006096715107560158,-23.980542578260952
0.0048524923622608185,-27.802162585336006
0.009752676822245121,-30.80794833808209
0.008963266387581825,-31.296187306023107
0.00455377297475934,-26.482596754058253
0.005388039629906416,-25.576570256520384
0.003958344459533691,-24.648681067652614
0.0024937381967902184,-5.272549487203385
0.003410146338865161,-24.839424261300813
0.0009287396678701043,-26.935643349457102
0.00553887989372015,-7.181001213310783
0.0009171310812234879,-23.27292649409797
0.004571231082081795,-23.173701181103883
0.012393477372825146,-26.920258519115514
0.00331905297935009,-27.075119374933756
0.00663324911147356,-28.4566481291832
0.0027279132045805454,-28.133729339485892
0.0019584386609494686,-23.4570068021947
0.0019001327455043793,-25.42377329922997
0.003337966511026025,-26.532998932113717
0.009972941130399704,-7.336497919164561
0.0027277665212750435,-26.484797319403807
0.005984823685139418,-22.11745230542805
0.0014243049081414938,-31.98282945131447
0.008593318052589893,-32.34088806441188
0.0015227808617055416,-29.789811786970958
0.0005439617088995874,-24.624004690061696
0.0022374631371349096,-23.774170744153064
0.006224003620445728,-22.063526212666925
0.001500137965194881,-27.513286939614375
0.002199356909841299,-27.829381596841127
0.0008653345284983516,-28.08389284043383
0.0009943658951669931,-25.87081279322914
0.0067024873569607735,-29.587144436165218
0.006075115874409676,-24.394065246912543
0.006474332418292761,-26.81390867003486
0.005738645792007446,-2.9703696764175116
0.001392390113323927,-31.421285480291072
0.010329488664865494,-27.30284511064609
0.0032198415137827396,-24.055112645849587
0.011386285535991192,-4.055107456020732
0.006818446330726147,-28.33268895680965
0.0016527471598237753,-7.415984961806142
0.007352515589445829,-23.044620948483256
0.009209400042891502,-24.80593844052969
0.008953896351158619,-27.490862090968964
0.0056538148783147335,-20.370394736182643
0.0016108989948406816,-25.596179757322766
8.8639554977417,15.004488172881516
0.010650873184204102,-27.384989343621662
0.006487222854048014,-27.53850686436254
0.01645752415060997,-28.179087802408294
0.008192505687475204,-27.82793633218271
0.0011831375304609537,-25.496916737583962
0.004220939707010984,-25.25604130535912
0.0016983459936454892,-23.800013194441828
0.005204078275710344,-28.480344213407946
0.006894366350024939,-27.762429847640462
0.007768257055431604,-28.65690621472414
0.006087794899940491,-24.16142961151369
0.005713773425668478,-22.242510403118693
0.001778558362275362,-25.9667214936456
0.005362872965633869,-23.187182964004016
0.0019032021518796682,-26.35362451491592
0.010796673595905304,-24.74391243945343
0.0024484535679221153,-27.567359069762247
0.011638807132840157,-26.412251314602965
0.0011867111315950751,-20.651080735482914
0.001146732596680522,-25.79589747596531
0.004289682954549789,-24.486973711098795
0.0024297847412526608,-25.69736827819953
0.012330050580203533,-29.028670114850886
0.000615439610555768,-7.918478960925387
0.0011816896731033921,-2.2324329130179743
0.0017337199533358216,-25.01607134975525
0.0006357831880450249,-30.900178310454162
0.01069799717515707,-27.201600362289835
0.0022462636698037386,-28.909432788404132
0.0034331439528614283,-31.95372435029815
0.0031632028985768557,-27.19096059166744
0.005182476714253426,-24.509812970410845
0.009041751734912395,-26.23736542963013
0.003888683160766959,-5.927097076440032
0.006051017437130213,-20.80883048578715
0.004104286432266235,-24.475848268529813
0.005697967018932104,-21.640573922109155
0.009578798897564411,-25.55008520981347
0.0002037471131188795,-25.685453851900636
0.009690675884485245,-27.382161975041168
0.003193538635969162,-21.925569592541205
0.00696862256154418,-21.61840493272118
0.01263255625963211,-25.391402726229266
0.0017288695089519024,-25.644652597304212
0.005582245532423258,-23.425247714865964
0.008491748943924904,-23.754156305865603
0.007260237820446491,-29.04084613998793
0.004069482907652855,-23.98754416434352
0.0075730676762759686,-27.5596974040681
0.004139396362006664,-22.657376633508743
0.0015949240187183022,-30.866323464714135
0.008311486802995205,-31.213281487703977
0.012744356878101826,-24.56488249668766
0.007312060333788395,-24.95154888546236
0.0008002934628166258,-21.54669861235014
0.0069748517125844955,-26.91941268778745
0.005846891552209854,-26.893289858845367
0.007541622966527939,-27.690595229180655
0.0016967658884823322,-20.779912238379534
0.0017057560617104173,-21.8753314694427
0.006183527410030365,-23.731482758233202
0.009077276103198528,-25.049614746707256
0.00026676582638174295,-28.866009493283197
0.003720855340361595,-27.388037691604463
0.0032356278970837593,-23.701831688218526
0.0071296291425824165,-2.8681378999504896
0.005134381353855133,-5.556936361671031
0.003548854496330023,-26.27089302970835
0.004808326251804829,-28.86855298779465
0.0025784627068787813,-23.449672969734603
0.003739970736205578,-24.896388658550087
0.00206230441108346,-29.501287110499405
0.005129426252096891,-24.57468229001443
0.008010996505618095,-23.67770908881405
0.008170589804649353,-29.60102445202452
0.0022313392255455256,-22.2569644219404
0.004971160553395748,-24.054966600967212
0.004126028157770634,-23.367447354936857
0.004061651416122913,-20.45292973233262
0.007471143268048763,-23.802993880591302
0.002392648719251156,-27.19303564260825
0.005311407148838043,-26.129585392104865
0.00847326498478651,-24.268851366225654
0.006920428015291691,-26.008317624380844
0.0016215159557759762,-21.266765620916328
0.00020621612202376127,-24.766072352733154
0.0020697321742773056,-28.52874478657906
0.0062264627777040005,-27.626891695089473
0.0031874035485088825,-27.323764167380507
0.003964575007557869,-22.58716512453128
0.006187668070197105,-26.46388864714462
0.003687353804707527,-27.86609152310322
0.0005463048000819981,-4.535360634063424
0.006518091075122356,-25.93552668363459
0.007501351647078991,-24.62654823677522
0.010609259828925133,-5.883904704603096
0.0038638273254036903,-29.399227033436272
0.003705300623551011,-23.595515915566775
0.0013590836897492409,-20.45054635189411
0.006171008571982384,-25.246376946044844
0.00392147246748209,-22.021127634582232
0.0009690340957604349,-4.758807779467923
0.006407346576452255,-24.54650324563831
0.004561048001050949,-19.727923911657523
0.0076714931055903435,-24.45596659466501
0.0054888296872377396,-23.71754962080856
0.0034173401072621346,-21.83745201823059
0.007014344446361065,-29.949117606421776
0.0007222927524708211,-24.99739727906099
0.0036406146828085184,-28.0200863552619
0.008229395374655724,-26.83914166749935
0.006415464915335178,-23.98281611409472
0.0009959943126887083,-24.241934757690217
0.008562978357076645,-29.018696614585053
0.0034340107813477516,-23.8339306643035
0.005369064398109913,-23.232948546269398
0.004615554586052895,-22.537569451532338
0.0032696276903152466,-27.904114780563223
0.0069269537925720215,0.865654468777005
0.010698948055505753,-20.307826834511356
0.004680680111050606,-25.123435550538666
0.0047282930463552475,-5.051638757957019
0.0015080382581800222,-25.125920875736334
0.0027524426113814116,-20.58281164471453
0.007982597686350346,-23.781999900063262
4.671644273912534e-05,-22.890362721383596
0.0022311690263450146,-24.969794469400547
0.006704282946884632,-25.807506550402522
0.0036094931419938803,-25.20358190179569
0.0073357620276510715,-23.791894085506687
0.0037351795472204685,-30.29131515870724
0.0029734314884990454,-19.818809880797957
0.003980183973908424,-6.005701317332102
0.006690842565149069,-7.533249212599203
0.002730919048190117,-22.86951921350812
0.0013935689348727465,-29.892574789873507
0.0051107099279761314,-26.133865895719378
0.006675437092781067,-23.660687790634018
0.002549866447225213,-25.52073354528316
0.004294487647712231,-22.393619163051074
0.006963146850466728,-23.469410550618782
0.002338679041713476,-27.189702705145347
0.002072860486805439,-21.390271697714915
0.001684144721366465,-21.47602682204036
0.008410187438130379,-20.416909236515828
0.0020484915003180504,-21.364613920537504
0.0056325593031942844,-24.774490954640076
0.00022075275774113834,-21.215933163363804
0.002325776033103466,-28.47427442104559
0.0070273191668093204,-6.124837446695337
0.002911232877522707,-24.56525062990098
0.004880924709141254,-21.886599821536066
0.0012812461936846375,-3.6838100371265656
0.006995914038270712,-32.55657440238227
0.004632673691958189,-25.01238033521382
0.0015203068032860756,-23.39064679451345
0.009535327553749084,-1.9017910595682213
0.0022898497991263866,-5.648369259732493
0.003451016964390874,-22.797736170009582
0.004814494866877794,-20.601464820049635
0.005676240660250187,-20.790924146892905
0.0054214829578995705,-29.618172841159012
0.007411802653223276,-25.609425468734408
0.009353423491120338,-24.672947894925112
0.0020142835564911366,-19.857991438814114
0.006273654289543629,-27.15700964373916
0.0036202692426741123,-26.80031990804304
0.0011406347621232271,-22.520519740640786
0.009506361559033394,-25.725112486305537
0.003814724972471595,-24.418485018561803
3.692867903737351e-05,-22.515774006926232
0.005445612594485283,-24.451960726801968
0.001811099355109036,-24.998480230182526
0.0002669774112291634,-20.55854709920184
0.00325474189594388,-8.518340160567782
0.008066447451710701,-23.45572433101931
0.0025418377481400967,-24.89600379352815
0.0037220357917249203,-25.602503443849372
0.0007854464929550886,-26.161205387597754
0.004662500694394112,-22.69484916347675
0.002540422370657325,-19.084571378141344
0.0025138710625469685,-22.9107244470653
0.005688796751201153,-24.802302738107613
0.0009757231455296278,-5.970285098000765
0.014816848561167717,-21.096155901170437
0.005018855445086956,-23.74471653395357
0.003042466240003705,-24.799909523250104
0.005683031864464283,-22.806252634134843
0.000800380832515657,-26.077888150578314
0.0054100085981190205,-26.737686877256113
0.002068144967779517,-3.8334686835809357
0.0008862215327098966,-25.02237753291967
0.005960740149021149,-21.651436652364946
0.00924508273601532,-23.403144556754597
7.924318197183311e-05,-26.598722440988883
0.000851751072332263,-0.19773753326621296
0.0026459023356437683,-23.253116689457567
0.004121906124055386,-25.68091072850675
0.005875795613974333,-25.610054204834828
0.0004067109548486769,-20.504606540445565
0.005670564249157906,-27.592506680256932
0.0017401741351932287,-23.41602158517166
0.00713717844337225,-26.496399976986194
0.010798982344567776,-22.304115646844927
0.0014825346879661083,-23.891448641431463
0.0063146608881652355,-3.8007593238324477
2.1649044356308877e-05,-19.552353364388473
0.002898330567404628,-21.394162787473423
0.0074492087587714195,-24.764629371679295
0.00527243223041296,-21.176442021398774
0.0037015920970588923,-22.203445138680372
0.01001785323023796,-24.590774488869197
0.002790679456666112,-21.868902137386215
0.00036297267070040107,-22.898353779768282
0.0027006748132407665,-1.226154974167201
0.00382698280736804,-22.900299146278616
0.0030943553429096937,-23.06516364008214
0.0023091533221304417,-25.005628913012252
0.0014087602030485868,-23.445718014057533
0.002424799371510744,-17.79457130772595
0.004097616299986839,-25.46317644399322
0.0025950276758521795,-18.63178458826445
0.0035355035215616226,-26.247926315044783
0.0032017300836741924,-23.730074794204732
0.0019585234113037586,-23.73698297138716
0.0046531627885997295,-23.373585062678973
1.8736460333457217e-05,-22.043438359529617
0.0010652388446033,-22.985586629152873
0.00045488058822229505,-22.231811562753663
0.00152212951797992,-27.267827639814623
0.01225188933312893,-13.915794538854904
0.00689811073243618,-22.714629181079236
0.0018237223848700523,-20.645668502034525
0.0007695885142311454,-22.208376235276535
0.007879002019762993,-22.820886309925022
0.0055178566835820675,-23.8265373857974
0.001431724289432168,-19.263772703566712
0.004824797622859478,-22.273344355662495
0.0010455226292833686,-29.279153746635693
0.0015912025701254606,-25.92833490788907
0.002280201530084014,-22.066005627291947
0.004832127597182989,-22.475307472464493
0.00045584520557895303,13.852272148008394
0.0017600187566131353,-24.844362682428567
0.000907349749468267,-25.791255642986865
0.0015878005651757121,-25.384012890895804
0.0043511418625712395,-1.3526343461111854
0.0006392920622602105,-18.769381579866675
0.01013096421957016,-19.830783838296426
0.002584740286692977,-19.12867236669011
0.011522886343300343,-26.79100675008949
0.0006491796812042594,-22.81363426281299
0.0009680051589384675,-23.825767174233373
0.0007686372846364975,-20.300667560624376
23.136093139648438,-1.704546389802536
0.0023736923467367887,-19.22666961931906
0.008870097808539867,0.4250276080127159
0.011417252942919731,-18.69957477275654
0.005871627014130354,-17.959937318503666
0.008951987139880657,-20.98434543493092
0.003340533236041665,-24.262611603998515
0.010147171095013618,-23.872850510095386
0.004303810186684132,-20.549731390766407
0.0013021037448197603,-24.0808951381088
0.006661332678049803,-24.56613382684562
0.004315854050219059,-23.396171680958865
0.00662138732150197,4.159462804907088
0.00394438486546278,-26.18098024358476
0.0090083759278059,-23.13581015414473
0.00011209692456759512,-23.305995778350866
0.0006578798638656735,-23.978998000948238
0.0012455603573471308,-19.213107301213586
0.001804216648451984,-21.41394386540464
0.005501599051058292,-22.517922790423498
0.0021721513476222754,-24.507992161635975
0.0016087498515844345,-23.974405461214428
0.0010013343999162316,-20.187926625990414
0.013184398412704468,-22.162875724912258
0.0012562633492052555,-25.533205993142875
0.006252705119550228,-23.659077753654277
0.0024214715231209993,-22.518440406051702
0.00030704826349392533,-22.001860935951488
0.008458113297820091,-20.90288457626974
0.006702201906591654,-17.199291311307576
0.012439009733498096,-22.45791418846677
0.004147764295339584,-1.2552655221601434
0.009282520040869713,-26.508666070260315
0.006968595553189516,-23.460294175124424
0.002425484824925661,-21.058726301132776
0.006038800813257694,-24.082095793258606
0.0011760419001802802,-21.235968978835434
0.006310358643531799,-25.577905910261006
0.0032076274510473013,-24.83775307094707
0.004077267833054066,-24.303487262325817
0.009515667334198952,1.4874622725315634
0.002635408192873001,-23.1988470370755
0.0023341597989201546,-1.7096080442236035
0.005044751800596714,-17.975080728725654
0.012934895232319832,-21.778654254497262
0.002787273842841387,-22.967887321223646
0.0035623698495328426,-26.485157186408628
0.0038292300887405872,-21.44000318238407
0.001079521724022925,-24.037818355890355
0.0034440350718796253,-18.965791818503874
0.0010700637940317392,-15.682557548831266
0.0007811107207089663,-25.94939098767557
0.003092725994065404,-20.461952301339032
0.008613328449428082,-17.463752927673916
0.0008053757483139634,-23.303363489558297
0.009096832945942879,-22.43295462358917
0.002227027202025056,-25.869833492969498
0.004090324975550175,-22.126929461624638
0.0006032131495885551,-18.015713496507125
0.002505851909518242,1.7333107695087844
0.0037998901680111885,-24.73096944881146
0.0048703099600970745,-19.7403972874616
0.002362061757594347,-19.302927592774306
0.0018931468948721886,-18.79413589545217
0.011449352838099003,-20.74362838506741
0.0042401510290801525,-21.08058328056934
0.009127707220613956,-25.264947135744897
0.006510415114462376,0.011817000721644943
0.004926159977912903,-22.532451889316086
0.0007783410255797207,-23.953614183817887
0.004380186088383198,-23.99461942045658
0.0007100036600604653,-19.385356243255487
0.0025085550732910633,-21.067084640696017
0.0022775977849960327,-20.009400407619182
0.005257453303784132,-20.036143415175932
0.0038017057813704014,-21.673426047718596
0.0020431694574654102,-19.51660278317724
0.00910929124802351,-23.304652147209715
0.003493327647447586,-19.191197214995334
0.00772226182743907,-23.377180653168978
0.00404302217066288,-22.13493694780717
0.01547807827591896,-0.9022015749591501
0.0016181693645194173,-18.10628472863488
0.0017967079766094685,-0.9885078519698782
0.001280429307371378,-22.040106340180447
0.003951054997742176,-22.35839009741748
0.005320211872458458,-23.647451368803264
0.0019428569357842207,-20.876034294346447
0.007638476323336363,-17.91404061980475
0.0009636231698095798,-22.433760632299904
0.014874390326440334,-20.688300379285426
0.008935613557696342,-24.618286279817113
2.742875221883878e-05,-21.755099798245293
0.004725838080048561,-27.691185413565258
0.010006614029407501,-21.680546756235003
0.004806444980204105,-20.04663103217963
0.003508233930915594,-19.422496903344772
0.0021335743367671967,-21.853674151974666
0.008209073916077614,-20.83078107380789
0.005082573276013136,-29.021295009657063
0.003654234576970339,18.729389457280874
0.00435198750346899,-16.750038093073687
0.00959763489663601,-21.96905489537197
0.005870096385478973,2.455656351951834
0.003974282648414373,-26.544927032722097
0.0033212495036423206,-28.523508441031915
0.0032983473502099514,-18.5831671191748
0.007637365721166134,-20.710512047192903
0.0008218520670197904,-22.034606570259314
0.005840908735990524,-23.12851166682671
0.009404946118593216,-17.2300867425133
0.006453873589634895,2.1345579225409996
0.007995665073394775,-21.440845206276187
0.008043799549341202,-18.80599110195204
0.004291290417313576,-21.75285705650201
0.005815444048494101,-17.699464857098015
0.0021493216045200825,-17.423249180821582
0.003465370275080204,-21.551974640403113
0.006712277419865131,-21.741391050329735
0.0026502879336476326,0.1641794382401966
0.004345486406236887,-27.954996319757196
0.0017092996276915073,-19.27498334554551
0.00025280460249632597,-24.06342540452248
0.002951091155409813,-21.293857322446165
0.007613802328705788,-22.149935342391327
0.006191306281834841,-24.595933702204846
0.0033820439130067825,-23.5745037421455
0.006568227894604206,-20.290644722574616
0.002064816188067198,-20.22382300554287
0.0058258348144590855,-19.731033759063237
0.004881768487393856,-22.990640551130657
0.005577980540692806,-1.1070591694413914
0.006503562442958355,-22.761128189936052
0.0027712523005902767,-15.963503408421564
0.0037148885894566774,-19.93762212961996
0.0027206079103052616,-16.653794861780057
0.0004958818899467587,-20.936249793280165
0.006736953742802143,-23.129464961895515
0.005713494494557381,-26.294885469225147
0.0037673115730285645,-19.964381402741807
0.0048064738512039185,-2.183737010469801
0.0018635856686159968,-18.094663801050395
0.004095383454114199,-25.268633666360312
0.005706104449927807,-22.015878167960157
0.004348089452832937,-21.194399108443758
